Workbook

Sheet 0_안내
A1: 골든셋 · 정량 평가 팩 rev.2
A2: 2026-09-23 · 골든셋 구성 → 정량 평가 · 질의·답변 골든셋 60문항 · 표준 지표(RAGAS 계열) 포함 · 연노랑 = 기입 / 회색 = 자동 계산
A4: 단계 | B4: 내용 | C4: 소요 · 비고
A5: 1단계 · 자동 생성 | B5: nb08_auto_eval 실행 → out/nb08_set_*.csv 생성 (known-item · 제목 · 합성) | C5: 라벨 작업 0건
A6: 2단계 · 검수 | B6: `1_골든셋_검수` 시트에 붙여넣기 → 채택 / 수정 / 폐기 판정 | C6: 문항당 10초 내외 · 200건 ≈ 40분
A7: 3단계 · 확정 | B7: 채택분 + 실제 업무 질문 30건 → `2_골든셋_확정` · 파일: rag_lab/golden/golden_v1.csv | C7: 유형 배분표 준수
A8: 4단계 · 측정 | B8: nb06(검색) · nb08(자동셋) 실행 → `3_평가_실행기록` 에 회차별 값 기입 | C8: 설정 변경 시마다 1행 추가
A9: 5단계 · 판정 | B9: `4_지표_정의` 기준 대비 충족 / 미달 · `5_전후비교` 로 개선 유의성 확인 | C9: 표본오차 · McNemar 자동 계산
A10: 6단계 · 원인 분석 | B10: `6_문항별_결과` 개선 / 퇴행 문항 · `7_답변평가` 충실도 · 인용 | C10: 퇴행 문항 = 회귀 위험
A11: 대안 경로 · 답변 평가 | B11: 사내 골든셋 확보 곤란 시 `2b_질의응답_골든셋`(사외 정보 기반 60문항) 사용 | C11: 문서 ID 불필요 · 필수 요소로 채점
A12: 표준 지표 | B12: `8_표준지표` 16종 (검색 IR · 생성 RAGAS 계열 · 운영) · 계산: nb10_answer_eval | C12: auto / judge / manual 구분
A14: 규칙
A15: 정답 표기 | B15: gold_doc_ids: 복수 시 ";" 구분 / gold_text: 문서 내 정답 문장 · 청크 ID 사용 금지(재청킹 시 무효)
A16: 판정 방식 | B16: 결과 청크 doc_id 일치 + 정답 문장 3-gram 겹침 ≥ 0.5 → 적중
A17: 최소 규모 | B17: 자동 200 + 수동 30 · n=200 → 95% 신뢰구간 ±6.9%p · 개선 폭이 오차보다 작으면 판단 보류
A18: 회차 관리 | B18: 설정 1개만 바꾸고 1회차 측정 (동시 변경 시 원인 분리 불가)
A19: 평가셋 고정 | B19: 평가셋 버전 고정 후 비교 · 문항 추가 시 버전 번호 변경

Sheet 1_골든셋_검수
A1: 1. 골든셋 검수 — 자동 생성분 판정
A2: nb08 출력(out/nb08_set_*.csv) 붙여넣기 → G~L 열 기입 · 채택분만 2단계로 이동
A4: qid | B4: set | C4: level | D4: 질문(자동 생성) | E4: 정답 문서 | F4: 정답 문장 | G4: 검수 결과 | H4: 수정 질문 | I4: 수정 정답 문서 | J4: 폐기 사유 | K4: 검수자 | L4: 검수일
A5: K0001 | B5: known-item | C5: easy | D5: 2026년 HBM 시장 규모는 520억 달러로 전년 대비 60% 성장할 전망이다. | E5: I001 | F5: 2026년 HBM 시장 규모는 520억 달러로 전년 대비 60% 성장할 전망이다. | G5: 채택 | K5: 홍길동 | L5: 2026-10-05
A6: K0002 | B6: known-item | C6: easy | D6: HBM 점유율은 SK하이닉스 55%, 삼성전자 35%, 마이크론 10%로 추정한다. | E6: B001 | F6: HBM 점유율은 SK하이닉스 55%, 삼성전자 35%, 마이크론 10%로 추정한다. | G6: 채택 | K6: 홍길동 | L6: 2026-10-05
A7: K0003 | B7: known-item | C7: mid | D7: 고객사 A에서 4Q 발주를 10% 하향하겠다고 통보했습니다. | E7: E001 | F7: 고객사 A에서 4Q 발주를 10% 하향하겠다고 통보했습니다. | G7: 채택 | K7: 홍길동 | L7: 2026-10-05
A306: 집계
A307: 채택 | B307: =COUNTIF(G5:G304,"채택") -> 3
A308: 수정 후 채택 | B308: =COUNTIF(G5:G304,"수정 후 채택") -> 0
A309: 폐기 | B309: =COUNTIF(G5:G304,"폐기") -> 0
A310: 검수 완료 | B310: =COUNTIF(G5:G304,"<>") -> 3
A311: 채택률 | B311: =IFERROR((COUNTIF(G5:G304,"채택")+COUNTIF(G5:G304,"수정 후 채택"))/COUNTIF(G5:G304,"<>"),0) -> 1

Sheet 2_골든셋_확정
A1: 2. 골든셋 확정 (golden_v1.csv 와 동일 구조)
A2: 채택분 + 실제 업무 질문 · 이 시트를 CSV 로 저장 → rag_lab/golden/golden_v1.csv
A4: qid | B4: question | C4: q_type | D4: source | E4: gold_doc_ids | F4: gold_text | G4: level | H4: origin | I4: memo
A5: G01 | B5: 마이크론의 히로시마 HBM 증설 투자 규모는? | C5: 사실 | D5: NEWS | E5: N001;N002 | F5: 투자 규모는 약 5조원 | G5: easy | H5: 수동-업무질문 | I5: 예시 행
A6: G02 | B6: 3분기 DRAM 계약가격 전망은? | C6: 수치 | D6: BROKER | E6: B001 | F6: 3분기 DRAM 계약가격은 전분기 대비 8% 상승 | G6: easy | H6: 수동-업무질문 | I6: 예시 행
A7: G03 | B7: 2026년 HBM 시장 규모는 얼마로 전망되나? | C7: 수치 | D7: INSTITUTION | E7: I001 | F7: HBM 시장 규모는 520억 달러 | G7: easy | H7: 수동-업무질문 | I7: 예시 행
A306: 배분 점검 — 권장 대비
A307: 유형 | B307: 권장 | C307: 현재 건수 | D307: 현재 비율
A308: 사실 | B308: 30% | C308: =COUNTIF(C5:C304,A308) -> 1 | D308: =IFERROR(C308/COUNTIF(C5:C304,"<>"),0) -> 0.33333333
A309: 수치 | B309: 25% | C309: =COUNTIF(C5:C304,A309) -> 2 | D309: =IFERROR(C309/COUNTIF(C5:C304,"<>"),0) -> 0.66666667
A310: 기간 | B310: 10% | C310: =COUNTIF(C5:C304,A310) -> 0 | D310: =IFERROR(C310/COUNTIF(C5:C304,"<>"),0) -> 0
A311: 종합 | B311: 15% | C311: =COUNTIF(C5:C304,A311) -> 0 | D311: =IFERROR(C311/COUNTIF(C5:C304,"<>"),0) -> 0
A312: 비교 | B312: 10% | C312: =COUNTIF(C5:C304,A312) -> 0 | D312: =IFERROR(C312/COUNTIF(C5:C304,"<>"),0) -> 0
A313: 답없음 | B313: 10% | C313: =COUNTIF(C5:C304,A313) -> 0 | D313: =IFERROR(C313/COUNTIF(C5:C304,"<>"),0) -> 0

Sheet 2b_질의응답_골든셋
A1: 2b. 질의 · 답변 골든셋 — 사외 정보 기반 60문항
A2: 문서 ID 없이 필수 요소로 채점 → 사내 골든셋 확보 전에도 정량 평가 가능 · I~K 열 기입
A4: qid | B4: 질문 | C4: 유형 | D4: 난이도 | E4: 근거 소스 | F4: 필수 요소 (; 구분) | G4: 채점 기준 | H4: 흔한 오답 | I4: 측정 점수 | J4: 평가자 | K4: 비고
A5: A001 | B5: 마이크론이 최근 분기 실적 발표에서 밝힌 HBM 매출 관련 내용은? | C5: 사실 | D5: easy | E5: 뉴스 · 증권사 | F5: HBM 매출 또는 비중 수치;해당 분기 표기;출처 · 발표일 | G5: 수치 + 분기 + 출처 3요소 모두 제시 시 정답 | H5: 분기 미표기 · 과거 분기 혼용
A6: A002 | B6: 삼성전자 HBM4 양산 일정에 대한 최근 발표 내용은? | C6: 사실 | D6: easy | E6: 뉴스 | F6: 양산 시점(연도 · 분기);발표 주체;발표 시점 | G6: 시점 + 주체 제시. 추측 표현 없이 인용 | H6: 루머와 공식 발표 혼동
A7: A003 | B7: SK하이닉스 미국 인디애나 패키징 공장 계획의 투자 규모와 가동 목표 시점은? | C7: 사실 | D7: easy | E7: 뉴스 · 기관 | F7: 투자 금액;가동 목표 시점;용도(HBM 패키징) | G7: 금액 + 시점 제시 | H7: 착공과 가동 시점 혼동
A8: A004 | B8: 마이크론 일본 신공장에 대한 일본 정부 보조금 규모는? | C8: 사실 | D8: mid | E8: 뉴스 | F8: 보조금 금액;대상 공장 · 지역;발표 시점 | G8: 금액 + 대상 명시 | H8: 총 투자액을 보조금으로 표기
A9: A005 | B9: CXMT 의 DDR5 양산 확대 계획은? | C9: 사실 | D9: mid | E9: 뉴스 · 기관 | F9: 양산 비중 또는 캐파 수치;시점;출처 | G9: 수치 + 시점 제시 | H9: 추정치를 확정치로 표기
A10: A006 | B10: YMTC 가 공개한 최신 3D NAND 적층 수는? | C10: 사실 | D10: mid | E10: 뉴스 · 기관 | F10: 적층 수;제품 · 세대 명칭;발표 시점 | G10: 적층 수 + 세대 제시 | H10: 경쟁사 수치와 혼동
A11: A007 | B11: 미국의 대중 반도체 장비 수출 규제 최근 변경 내용은? | C11: 사실 | D11: mid | E11: 뉴스 · 기관 | F11: 변경 항목(품목 · 대상 · 기준);시행 시점;근거 기관 | G11: 변경 내용 + 시점. 규제 버전 구분 | H11: 과거 규제와 최신 개정 혼동
A12: A008 | B12: 중국의 갈륨 · 희토류 수출 통제가 반도체 공급망에 주는 영향은? | C12: 사실 | D12: mid | E12: 뉴스 · 기관 | F12: 통제 품목;영향 받는 공정 · 소재;완화 · 대체 가능성 | G12: 품목 + 영향 경로 제시 | H12: 영향 범위 과장
A13: A009 | B13: 엔비디아 최신 GPU 아키텍처의 HBM 탑재 용량 · 세대는? | C13: 사실 | D13: easy | E13: 뉴스 | F13: HBM 세대(HBM3E · HBM4);탑재 용량;제품명 | G13: 세대 + 용량 + 제품명 | H13: 이전 세대 제품 정보 혼용
A14: A010 | B14: 주요 하이퍼스케일러의 최근 분기 CapEx 가이던스는? | C14: 사실 | D14: mid | E14: 뉴스 · 증권사 | F14: 업체별 금액 또는 증감률;해당 분기 · 연도;출처 | G14: 2개사 이상 + 기간 제시 | H14: 연간과 분기 수치 혼동
A15: A011 | B15: 최신 아이폰의 DRAM 탑재량 변화는? | C15: 사실 | D15: mid | E15: 뉴스 · 기관 | F15: 탑재량(GB);모델;전작 대비 변화 | G15: 용량 + 모델 제시 | H15: 모델별 차이 무시
A16: A012 | B16: DDR4 단종(EOL) 관련 공급사 발표 내용은? | C16: 사실 | D16: mid | E16: 뉴스 | F16: 단종 시점 · 계획;해당 공급사;대상 제품군 | G16: 시점 + 공급사 제시 | H16: 전 공급사 일괄 단종으로 서술
... A64: A060 | B64: 다음 분기 DRAM 계약가격의 정확한 확정 수치는? | C64: 답없음 | D64: mid | E64: - | F64: 확정 불가 설명;전망치는 전망으로 구분 제시 가능 | G64: 확정 불가 명시 | H64: 전망치를 확정으로 단정
A66: 집계
A67: 채점 완료 | B67: =COUNT(I5:I64) -> 0
A68: 평균 점수 | B68: =IFERROR(AVERAGE(I5:I64),"")
A69: 답없음 정확도 | B69: =IFERROR(SUMIFS(I5:I64,C5:C64,"답없음")/COUNTIFS(C5:C64,"답없음",I5:I64,"<>"),"")
A70: 합격 판정 (평균 ≥ 0.75) | B70: =IF(B68="","",IF(B68>=0.75,"충족","미달"))

Sheet 2c_답변_채점기준
A1: 2c. 답변 채점 기준
A2: 2b 시트의 측정 점수 부여 기준 · 사내 실정에 맞게 조정 가능
A4: 규칙 | B4: 내용 | C4: 예
A5: 요소 채점 | B5: 필수 요소(must_include) 각 1점 · 모두 충족 = 1.0 · 부분 충족 = 충족 요소 / 전체 요소 | C5: 요소 3개 중 2개 충족 → 0.67
A6: 출처 필수 | B6: 수치 · 사실 문항은 출처(기관 · 언론사 · 발행일) 누락 시 0.5 감점 | C6: 출처 없는 수치는 검증 불가
A7: 시점 표기 | B7: 수치 문항은 기준 시점(분기 · 월) 누락 시 0.5 감점 | C7: "최근"만으로는 재현 불가
A8: 추정 구분 | B8: 전망 · 추정치를 확정처럼 서술하면 해당 문항 0점 | C8: 정합성 위반
A9: 답없음 문항 | B9: "확인된 자료 없음" 또는 전제 오류 지적 시 1.0 · 답변 생성 시 0 | C9: 환각 방지 측정
A10: 종합 · 비교 문항 | B10: 요소 충족 + 출처 2건 이상 인용 시 1.0 · 한쪽만 서술 시 0.5 | C10: 단일 출처 의존 방지
A11: 합격선 | B11: 전체 평균 0.75 이상 · 답없음 문항 정확도 0.80 이상 | C11: 기준 미달 시 S13 · S14 프롬프트 점검

Sheet 3_평가_실행기록
A1: 3. 평가 실행 기록 — 회차별
A2: nb06 · nb08 출력값 기입 · 설정은 1회차에 1개만 변경 · S · T 열 자동 계산
A4: RUN_ID | B4: 일자 | C4: 평가셋 버전 | D4: 문항수 | E4: 변경 설정(1개) | F4: 청킹 | G4: 헤더 | H4: BM25 토크나이저 | I4: 리랭커 | J4: 후보수 | K4: R@1 | L4: R@5 | M4: R@10 | N4: MRR | O4: nDCG@10 | P4: 충실도 | Q4: 인용 정확도 | R4: 모름 정확도 | S4: R@5 판정 | T4: 오차(±%p) | U4: 비고
A5: RUN-001 | B5: 2026-10-06 | C5: v1 | D5: 230 | E5: 기준선(현행) | F5: 고정 500 | G5: 없음 | H5: 공백 | I5: bge-reranker-v2-m3 | J5: 50 | K5: 0.62 | L5: 0.78 | M5: 0.85 | N5: 0.69 | O5: 0.72 | P5: 0.74 | Q5: 0.61 | R5: 0.55 | S5: =IF(L5="","",IF(L5>=0.8,"충족","미달")) -> 미달 | T5: =IF(OR(D5="",L5=""),"",1.96*SQRT(L5*(1-L5)/D5)*100) -> 5.3536601 | U5: 보강 전 기준선
A6: RUN-002 | B6: 2026-10-13 | C6: v1 | D6: 230 | E6: BM25 토크나이저 | F6: 고정 500 | G6: 없음 | H6: Kiwi | I6: bge-reranker-v2-m3 | J6: 50 | K6: 0.71 | L6: 0.86 | M6: 0.92 | N6: 0.77 | O6: 0.8 | P6: 0.76 | Q6: 0.63 | R6: 0.58 | S6: =IF(L6="","",IF(L6>=0.8,"충족","미달")) -> 충족 | T6: =IF(OR(D6="",L6=""),"",1.96*SQRT(L6*(1-L6)/D6)*100) -> 4.4844109 | U6: 형태소 적용
S7: =IF(L7="","",IF(L7>=0.8,"충족","미달")) | T7: =IF(OR(D7="",L7=""),"",1.96*SQRT(L7*(1-L7)/D7)*100)
S8: =IF(L8="","",IF(L8>=0.8,"충족","미달")) | T8: =IF(OR(D8="",L8=""),"",1.96*SQRT(L8*(1-L8)/D8)*100)
S9: =IF(L9="","",IF(L9>=0.8,"충족","미달")) | T9: =IF(OR(D9="",L9=""),"",1.96*SQRT(L9*(1-L9)/D9)*100)
S10: =IF(L10="","",IF(L10>=0.8,"충족","미달")) | T10: =IF(OR(D10="",L10=""),"",1.96*SQRT(L10*(1-L10)/D10)*100)
S11: =IF(L11="","",IF(L11>=0.8,"충족","미달")) | T11: =IF(OR(D11="",L11=""),"",1.96*SQRT(L11*(1-L11)/D11)*100)
S12: =IF(L12="","",IF(L12>=0.8,"충족","미달")) | T12: =IF(OR(D12="",L12=""),"",1.96*SQRT(L12*(1-L12)/D12)*100)
S13: =IF(L13="","",IF(L13>=0.8,"충족","미달")) | T13: =IF(OR(D13="",L13=""),"",1.96*SQRT(L13*(1-L13)/D13)*100)
S14: =IF(L14="","",IF(L14>=0.8,"충족","미달")) | T14: =IF(OR(D14="",L14=""),"",1.96*SQRT(L14*(1-L14)/D14)*100)
S15: =IF(L15="","",IF(L15>=0.8,"충족","미달")) | T15: =IF(OR(D15="",L15=""),"",1.96*SQRT(L15*(1-L15)/D15)*100)
S16: =IF(L16="","",IF(L16>=0.8,"충족","미달")) | T16: =IF(OR(D16="",L16=""),"",1.96*SQRT(L16*(1-L16)/D16)*100)
S17: =IF(L17="","",IF(L17>=0.8,"충족","미달")) | T17: =IF(OR(D17="",L17=""),"",1.96*SQRT(L17*(1-L17)/D17)*100)
S18: =IF(L18="","",IF(L18>=0.8,"충족","미달")) | T18: =IF(OR(D18="",L18=""),"",1.96*SQRT(L18*(1-L18)/D18)*100)
... S304: =IF(L304="","",IF(L304>=0.8,"충족","미달")) | T304: =IF(OR(D304="",L304=""),"",1.96*SQRT(L304*(1-L304)/D304)*100)

Sheet 4_지표_정의
A1: 4. 지표 정의 · 합격 기준
A2: 기준은 사내 실정에 맞게 조정 가능 · 조정 시 근거를 비고에 기록
A4: 지표 | B4: 정의 | C4: 계산식 | D4: 합격 기준 | E4: 미달 시 점검 단계
A5: Recall@1 | B5: 1순위 결과가 정답 문서 | C5: 정답 top-1 문항 수 / 전체 문항 수 | D5: ≥ 0.70 | E5: S11 결합 가중 · S12 리랭크
A6: Recall@5 | B6: 상위 5개 안에 정답 문서 포함 | C6: 정답 top-5 문항 수 / 전체 문항 수 | D6: ≥ 0.80 | E6: S09 토크나이저 · S03 청킹
A7: Recall@10 | B7: 상위 10개 안에 정답 포함 | C7: 정답 top-10 문항 수 / 전체 | D7: ≥ 0.90 | E7: S10 필터 · 후보 수
A8: MRR | B8: 첫 정답 순위의 역수 평균 | C8: Σ(1/첫 정답 순위) / 전체 | D8: ≥ 0.65 | E8: S12 리랭크
A9: nDCG@10 | B9: 순위 가중 정확도 | C9: DCG@10 / IDCG@10 | D9: ≥ 0.70 | E9: S11 · S12
A10: known-item R@5 | B10: 원문 문장 질의 회수율 | C10: 동일 (자동셋) | D10: ≥ 0.95 | E10: 색인 · 토크나이저 결함 의심
A11: 충실도 | B11: 답변 문장이 근거 청크 내용과 일치 | C11: 근거 일치 문장 수 / 전체 문장 수 | D11: ≥ 0.85 | E11: S13 컨텍스트 · S14 프롬프트
A12: 인용 정확도 | B12: 인용 번호가 실제 근거와 일치 | C12: 정확 인용 수 / 전체 인용 수 | D12: ≥ 0.90 | E12: S14 인용 규칙
A13: 모름 정확도 | B13: 답 없는 질문에 "자료 없음" 응답 | C13: 정답 거절 수 / 답없음 문항 수 | D13: ≥ 0.80 | E13: S14 · S29 임계값
A14: 소스별 편차 | B14: 소스별 R@5 최저값과 전체 평균 차 | C14: 전체 평균 − 최저 소스 | D14: ≤ 0.15 | E14: 해당 소스 S02 · S03
A15: 난이도 편차 | B15: easy − mid R@5 차 | C15: easy 평균 − mid 평균 | D15: ≤ 0.15 | E15: 어휘 검색 편중 · dense 보강
A16: p95 지연 | B16: 질의 응답 95 분위 시간 | C16: 측정값 | D16: 검색 ≤ 2초 · 답변 ≤ 8초 | E16: S12 후보 수 · 모델 크기

Sheet 8_표준지표
A1: 8. 표준 지표 — 검색(IR) · 생성(RAGAS 계열) · 운영
A2: nb10_answer_eval 로 auto 계산 · judge = 사내 LLM 채점 · manual = 20문항 표본 확인 · G · I 열 기입
A4: 구분 | B4: 지표 | C4: 정의 | D4: 계산 방식 | E4: 합격 기준 | F4: 대응 단계 | G4: 측정값 | H4: 판정 | I4: 비고
A5: 검색 | B5: Recall@k | C5: 정답 문서가 상위 k 에 포함된 문항 비율 | D5: auto | E5: R@5 ≥ 0.80 · R@10 ≥ 0.90 | F5: S09 · S10 · S03 | H5: =IF(G5="","","기준과 대조")
A6: 검색 | B6: Precision@k | C6: 상위 k 중 정답 관련 비율 | D6: auto | E6: ≥ 0.40 (k=5) | F6: S11 · S12 | H6: =IF(G6="","","기준과 대조")
A7: 검색 | B7: MRR | C7: 첫 정답 순위의 역수 평균 | D7: auto | E7: ≥ 0.65 | F7: S12 | H7: =IF(G7="","","기준과 대조")
A8: 검색 | B8: MAP | C8: 정답 위치별 정밀도 평균 | D8: auto | E8: ≥ 0.55 | F8: S11 · S12 | H8: =IF(G8="","","기준과 대조")
A9: 검색 | B9: nDCG@10 | C9: 순위 가중 정확도 | D9: auto | E9: ≥ 0.70 | F9: S11 · S12 | H9: =IF(G9="","","기준과 대조")
A10: 검색 | B10: Hit Rate@k | C10: 정답 1건 이상 포함 비율 | D10: auto | E10: R@5 와 동일 관리 | F10: S09 | H10: =IF(G10="","","기준과 대조")
A11: 검색 | B11: Context Precision | C11: 검색 컨텍스트 중 정답 관련 비율 (RAGAS) | D11: auto | E11: ≥ 0.50 | F11: S11 · S12 · MMR | H11: =IF(G11="","","기준과 대조")
A12: 검색 | B12: Context Recall | C12: 정답 문장 내용이 컨텍스트에 포함된 비율 (RAGAS) | D12: auto | E12: ≥ 0.75 | F12: S03 청킹 · S13 컨텍스트 | H12: =IF(G12="","","기준과 대조")
A13: 생성 | B13: Faithfulness | C13: 답변 문장 중 근거 있는 비율 (RAGAS) | D13: auto + judge | E13: ≥ 0.85 | F13: S13 · S14 | H13: =IF(G13="","","기준과 대조")
A14: 생성 | B14: Answer Relevancy | C14: 질문과 답변의 의미 정합 (RAGAS) | D14: auto(임베딩) | E14: ≥ 0.70 | F14: S14 프롬프트 | H14: =IF(G14="","","기준과 대조")
A15: 생성 | B15: Answer Correctness | C15: 필수 요소 충족률 (골든셋 기준) | D15: auto 근사 + judge | E15: ≥ 0.75 | F15: S13 · S14 | H15: =IF(G15="","","기준과 대조")
A16: 생성 | B16: Citation Accuracy | C16: 인용 번호가 실제 근거를 지시 | D16: auto | E16: ≥ 0.90 | F16: S14 인용 규칙 | H16: =IF(G16="","","기준과 대조")
... A20: 운영 | B20: 평가 재현성 | C20: 동일 설정 2회 측정 편차 | D20: auto | E20: ≤ 0.02 | F20: 캐시 · temperature 0 | H20: =IF(G20="","","기준과 대조")
A22: RAGAS 원 구현은 외부 LLM · 패키지 사용 → 여기서는 동일 정의를 사내 자원(임베딩 · 규칙 · 사내 LLM)으로 근사
A23: auto 지표는 표현 차이로 과소평가 가능 → 20문항은 사람 교차 확인 권장
A24: Faithfulness · Hallucination 은 상호 보완 — 둘 다 기록

Sheet 5_전후비교
A1: 5. 전후 비교 — 개선 유의성 판정
A2: B2 · B3 에 비교할 RUN_ID 기입 → 값 · 차이 · 유의 판정 자동
A4: A 회차 (기준) | B4: RUN-001
A5: B 회차 (비교) | B5: RUN-002
A6: 문항 수 n | B6: =IFERROR(INDEX('3_평가_실행기록'!D:D,MATCH(B4,'3_평가_실행기록'!A:A,0)),0) -> 230
A8: 지표 | B8: A 값 | C8: B 값 | D8: 차이(B−A) | E8: 오차 ±(%p) | F8: 판정
A9: R@1 | B9: =IFERROR(INDEX('3_평가_실행기록'!K:K,MATCH($B$4,'3_평가_실행기록'!A:A,0)),"") -> 0.62 | C9: =IFERROR(INDEX('3_평가_실행기록'!K:K,MATCH($B$5,'3_평가_실행기록'!A:A,0)),"") -> 0.71 | D9: =IF(OR(B9="",C9=""),"",C9-B9) -> 0.09 | E9: =IF(OR(B9="",C9="",$B$6=0),"",1.96*SQRT((B9*(1-B9)+C9*(1-C9))/$B$6)*100) -> 8.5873172 | F9: =IF(D9="","",IF(ABS(D9)*100>E9,IF(D9>0,"개선 (유의)","퇴행 (유의)"),"판단 보류 (오차 이내)")) -> 개선 (유의)
A10: R@5 | B10: =IFERROR(INDEX('3_평가_실행기록'!L:L,MATCH($B$4,'3_평가_실행기록'!A:A,0)),"") -> 0.78 | C10: =IFERROR(INDEX('3_평가_실행기록'!L:L,MATCH($B$5,'3_평가_실행기록'!A:A,0)),"") -> 0.86 | D10: =IF(OR(B10="",C10=""),"",C10-B10) -> 0.08 | E10: =IF(OR(B10="",C10="",$B$6=0),"",1.96*SQRT((B10*(1-B10)+C10*(1-C10))/$B$6)*100) -> 6.9836679 | F10: =IF(D10="","",IF(ABS(D10)*100>E10,IF(D10>0,"개선 (유의)","퇴행 (유의)"),"판단 보류 (오차 이내)")) -> 개선 (유의)
A11: R@10 | B11: =IFERROR(INDEX('3_평가_실행기록'!M:M,MATCH($B$4,'3_평가_실행기록'!A:A,0)),"") -> 0.85 | C11: =IFERROR(INDEX('3_평가_실행기록'!M:M,MATCH($B$5,'3_평가_실행기록'!A:A,0)),"") -> 0.92 | D11: =IF(OR(B11="",C11=""),"",C11-B11) -> 0.07 | E11: =IF(OR(B11="",C11="",$B$6=0),"",1.96*SQRT((B11*(1-B11)+C11*(1-C11))/$B$6)*100) -> 5.7955971 | F11: =IF(D11="","",IF(ABS(D11)*100>E11,IF(D11>0,"개선 (유의)","퇴행 (유의)"),"판단 보류 (오차 이내)")) -> 개선 (유의)
A12: MRR | B12: =IFERROR(INDEX('3_평가_실행기록'!N:N,MATCH($B$4,'3_평가_실행기록'!A:A,0)),"") -> 0.69 | C12: =IFERROR(INDEX('3_평가_실행기록'!N:N,MATCH($B$5,'3_평가_실행기록'!A:A,0)),"") -> 0.77 | D12: =IF(OR(B12="",C12=""),"",C12-B12) -> 0.08 | E12: =IF(OR(B12="",C12="",$B$6=0),"",1.96*SQRT((B12*(1-B12)+C12*(1-C12))/$B$6)*100) -> 8.081287 | F12: =IF(D12="","",IF(ABS(D12)*100>E12,IF(D12>0,"개선 (유의)","퇴행 (유의)"),"판단 보류 (오차 이내)")) -> 판단 보류 (오차 이내)
A13: nDCG@10 | B13: =IFERROR(INDEX('3_평가_실행기록'!O:O,MATCH($B$4,'3_평가_실행기록'!A:A,0)),"") -> 0.72 | C13: =IFERROR(INDEX('3_평가_실행기록'!O:O,MATCH($B$5,'3_평가_실행기록'!A:A,0)),"") -> 0.8 | D13: =IF(OR(B13="",C13=""),"",C13-B13) -> 0.08 | E13: =IF(OR(B13="",C13="",$B$6=0),"",1.96*SQRT((B13*(1-B13)+C13*(1-C13))/$B$6)*100) -> 7.7715271 | F13: =IF(D13="","",IF(ABS(D13)*100>E13,IF(D13>0,"개선 (유의)","퇴행 (유의)"),"판단 보류 (오차 이내)")) -> 개선 (유의)
A14: 충실도 | B14: =IFERROR(INDEX('3_평가_실행기록'!P:P,MATCH($B$4,'3_평가_실행기록'!A:A,0)),"") -> 0.74 | C14: =IFERROR(INDEX('3_평가_실행기록'!P:P,MATCH($B$5,'3_평가_실행기록'!A:A,0)),"") -> 0.76 | D14: =IF(OR(B14="",C14=""),"",C14-B14) -> 0.02 | E14: =IF(OR(B14="",C14="",$B$6=0),"",1.96*SQRT((B14*(1-B14)+C14*(1-C14))/$B$6)*100) -> 7.9121032 | F14: =IF(D14="","",IF(ABS(D14)*100>E14,IF(D14>0,"개선 (유의)","퇴행 (유의)"),"판단 보류 (오차 이내)")) -> 판단 보류 (오차 이내)
A15: 인용 정확도 | B15: =IFERROR(INDEX('3_평가_실행기록'!Q:Q,MATCH($B$4,'3_평가_실행기록'!A:A,0)),"") -> 0.61 | C15: =IFERROR(INDEX('3_평가_실행기록'!Q:Q,MATCH($B$5,'3_평가_실행기록'!A:A,0)),"") -> 0.63 | D15: =IF(OR(B15="",C15=""),"",C15-B15) -> 0.02 | E15: =IF(OR(B15="",C15="",$B$6=0),"",1.96*SQRT((B15*(1-B15)+C15*(1-C15))/$B$6)*100) -> 8.8695708 | F15: =IF(D15="","",IF(ABS(D15)*100>E15,IF(D15>0,"개선 (유의)","퇴행 (유의)"),"판단 보류 (오차 이내)")) -> 판단 보류 (오차 이내)
A16: 모름 정확도 | B16: =IFERROR(INDEX('3_평가_실행기록'!R:R,MATCH($B$4,'3_평가_실행기록'!A:A,0)),"") -> 0.55 | C16: =IFERROR(INDEX('3_평가_실행기록'!R:R,MATCH($B$5,'3_평가_실행기록'!A:A,0)),"") -> 0.58 | D16: =IF(OR(B16="",C16=""),"",C16-B16) -> 0.03 | E16: =IF(OR(B16="",C16="",$B$6=0),"",1.96*SQRT((B16*(1-B16)+C16*(1-C16))/$B$6)*100) -> 9.0568489 | F16: =IF(D16="","",IF(ABS(D16)*100>E16,IF(D16>0,"개선 (유의)","퇴행 (유의)"),"판단 보류 (오차 이내)")) -> 판단 보류 (오차 이내)
A18: 판정 기준 — 차이 절대값이 오차 범위를 넘으면 유의
A19: 오차 = 1.96 × √((pA(1−pA)+pB(1−pB))/n) · 문항 수가 적으면 오차 증가
A20: 문항 단위 짝 비교(McNemar)는 6_문항별_결과 시트 참조 — 같은 문항을 비교하므로 검정력 높음

Sheet 6_문항별_결과
A1: 6. 문항별 결과 — 개선 · 퇴행 분류
A2: nb06 · nb08 의 detail 붙여넣기 (hit@5 는 1 / 0) · H 열 자동
A4: qid | B4: set | C4: level | D4: source | E4: 질문 | F4: A hit@5 | G4: B hit@5 | H4: 변화 | I4: A 순위 | J4: B 순위 | K4: 비고
H5: =IF(OR(F5="",G5=""),"",IF(AND(F5=0,G5=1),"개선",IF(AND(F5=1,G5=0),"퇴행","동일")))
H6: =IF(OR(F6="",G6=""),"",IF(AND(F6=0,G6=1),"개선",IF(AND(F6=1,G6=0),"퇴행","동일")))
H7: =IF(OR(F7="",G7=""),"",IF(AND(F7=0,G7=1),"개선",IF(AND(F7=1,G7=0),"퇴행","동일")))
H8: =IF(OR(F8="",G8=""),"",IF(AND(F8=0,G8=1),"개선",IF(AND(F8=1,G8=0),"퇴행","동일")))
H9: =IF(OR(F9="",G9=""),"",IF(AND(F9=0,G9=1),"개선",IF(AND(F9=1,G9=0),"퇴행","동일")))
H10: =IF(OR(F10="",G10=""),"",IF(AND(F10=0,G10=1),"개선",IF(AND(F10=1,G10=0),"퇴행","동일")))
H11: =IF(OR(F11="",G11=""),"",IF(AND(F11=0,G11=1),"개선",IF(AND(F11=1,G11=0),"퇴행","동일")))
H12: =IF(OR(F12="",G12=""),"",IF(AND(F12=0,G12=1),"개선",IF(AND(F12=1,G12=0),"퇴행","동일")))
H13: =IF(OR(F13="",G13=""),"",IF(AND(F13=0,G13=1),"개선",IF(AND(F13=1,G13=0),"퇴행","동일")))
H14: =IF(OR(F14="",G14=""),"",IF(AND(F14=0,G14=1),"개선",IF(AND(F14=1,G14=0),"퇴행","동일")))
H15: =IF(OR(F15="",G15=""),"",IF(AND(F15=0,G15=1),"개선",IF(AND(F15=1,G15=0),"퇴행","동일")))
H16: =IF(OR(F16="",G16=""),"",IF(AND(F16=0,G16=1),"개선",IF(AND(F16=1,G16=0),"퇴행","동일")))
... H304: =IF(OR(F304="",G304=""),"",IF(AND(F304=0,G304=1),"개선",IF(AND(F304=1,G304=0),"퇴행","동일")))
A306: McNemar 짝 비교 — 같은 문항 기준
A307: 개선 문항 b | B307: =COUNTIF(H5:H304,"개선") -> 0
A308: 퇴행 문항 c | B308: =COUNTIF(H5:H304,"퇴행") -> 0
A309: 동일 문항 | B309: =COUNTIF(H5:H304,"동일") -> 0
A310: 검정통계량 | B310: =IFERROR((ABS(B307-B308)-1)^2/(B307+B308),"")
A311: 판정 (3.84 초과 = 유의) | B311: =IF(B310="","",IF(B310>3.84,IF(B307>B308,"개선 유의","퇴행 유의"),"판단 보류"))

Sheet 7_답변평가
A1: 7. 답변 평가 — 사내 LLM 채점 + 사람 교차 검증
A2: 0 / 1 기입 · 답없음 문항만 모름 적정 평가 · 20문항은 사람이 교차 확인
A4: qid | B4: 질문 | C4: 답변(요약) | D4: 충실도 | E4: 인용 정확도 | F4: 모름 적정 | G4: 평가자 | H4: 비고
A306: 집계
A307: 충실도 | B307: =IFERROR(COUNTIF(D5:D304,"1")/(COUNTIF(D5:D304,"1")+COUNTIF(D5:D304,"0")),"")
A308: 인용 정확도 | B308: =IFERROR(COUNTIF(E5:E304,"1")/(COUNTIF(E5:E304,"1")+COUNTIF(E5:E304,"0")),"")
A309: 모름 정확도 | B309: =IFERROR(COUNTIF(F5:F304,"1")/(COUNTIF(F5:F304,"1")+COUNTIF(F5:F304,"0")),"")
